-- H2
SET MODE PostgreSQL

-- PostgreSQL:
-- SET datestyle TO 'YMD'
-- Default bei deutschem Betriebssystem:
-- SET datestyle TO 'DMY'

-- BLOBs mit PostgreSQL:
-- INSERT INTO file_tbl (id, version, bytes, filename, mimetype, multimedia_type, erzeugt, aktualisiert) VALUES (301,0,lo_import('C:/temp/db/image.png'),'Privatkunde_301.png','png','I','2014-02-01 00:00:00','2014-02-01 00:00:00')
-- INSERT INTO file_tbl (id, version, bytes, filename, mimetype, multimedia_type, erzeugt, aktualisiert) VALUES (302,0,lo_import('C:/temp/db/video.mp4'),'Privatkunde_302.mp4','mp4','V','2014-02-02 00:00:00','2014-02-02 00:00:00')

INSERT INTO kunde (id, version, loginname, kategorie, umsatz, seit, art, familienstand, geschlecht, newsletter, rabatt, bemerkungen, erzeugt, aktualisiert) VALUES(300,0,'admin',1,NULL,'2014-02-01','F',NULL,NULL,false,NULL,NULL,'2014-02-01 00:00:00','2014-02-01 00:00:00')
INSERT INTO kunde (id, version, loginname, kategorie, umsatz, seit, art, familienstand, geschlecht, newsletter, rabatt, file_fk, bemerkungen, erzeugt, aktualisiert) VALUES (301,0,'adriana.alpha',1,1500.5,'2014-02-01','P','VH','W',true,0.1,NULL,NULL,'2014-02-01 00:00:00','2014-02-01 00:00:00')
-- INSERT INTO kunde (id, version, loginname, kategorie, umsatz, seit, art, familienstand, geschlecht, newsletter, rabatt, file_fk, bemerkungen, erzeugt, aktualisiert) VALUES (301,0,'adriana.alpha',1,1500.5,'2014-02-01','P','VH','W',true,0.1,301,NULL,'2014-02-01 00:00:00','2014-02-01 00:00:00')
INSERT INTO kunde (id, version, loginname, kategorie, umsatz, seit, art, familienstand, geschlecht, newsletter, rabatt, file_fk, bemerkungen, erzeugt, aktualisiert) VALUES (302,0,'alfred.alpha',1,500.5,'2014-02-02','P','L','M',true,NULL,NULL,NULL,'2014-02-02 00:00:00','2014-02-02 00:00:00')
-- INSERT INTO kunde (id, version, loginname, kategorie, umsatz, seit, art, familienstand, geschlecht, newsletter, rabatt, file_fk, bemerkungen, erzeugt, aktualisiert) VALUES (302,0,'alfred.alpha',1,500.5,'2014-02-02','P','L','M',true,NULL,302,NULL,'2014-02-02 00:00:00','2014-02-02 00:00:00')
INSERT INTO kunde (id, version, loginname, kategorie, umsatz, seit, art, familienstand, geschlecht, newsletter, rabatt, bemerkungen, erzeugt, aktualisiert) VALUES (303,0,'anton.alpha',1,0.5,'2014-02-03','F',NULL,NULL,true,0.1,NULL,'2014-02-03 00:00:00','2014-02-03 00:00:00')
INSERT INTO kunde (id, version, loginname, kategorie, umsatz, seit, art, familienstand, geschlecht, newsletter, rabatt, bemerkungen, erzeugt, aktualisiert) VALUES (304,0,'dirk.delta',1,1500.5,'2014-02-04','F',NULL,NULL,true,0.15,NULL,'2014-02-04 00:00:00','2014-02-04 00:00:00')
INSERT INTO kunde (id, version, loginname, kategorie, umsatz, seit, art, familienstand, geschlecht, newsletter, rabatt, bemerkungen, erzeugt, aktualisiert) VALUES (305,0,'emil.epsilon',1,1500.5,'2014-02-05','P','G','M',false,NULL,NULL,'2014-02-05 00:00:00','2014-02-05 00:00:00')
INSERT INTO kunde (id, version, loginname, kategorie, umsatz, seit, art, familienstand, geschlecht, newsletter, rabatt, bemerkungen, erzeugt, aktualisiert) VALUES (320,0,'na.nu',1,1500.5,'2014-02-28','P','VH','M',true,NULL,NULL,'2014-02-28 00:00:00','2014-02-28 00:00:00')
INSERT INTO kunde (id, version, loginname, kategorie, umsatz, seit, art, familienstand, geschlecht, newsletter, rabatt, bemerkungen, erzeugt, aktualisiert) VALUES (321,0,'nb.nu',1,1500.5,'2014-02-28','P','VH','M',true,NULL,NULL,'2014-02-28 00:00:00','2014-02-28 00:00:00')
INSERT INTO kunde (id, version, loginname, kategorie, umsatz, seit, art, familienstand, geschlecht, newsletter, rabatt, bemerkungen, erzeugt, aktualisiert) VALUES (322,0,'nc.nu',1,1500.5,'2014-02-28','P','VH','M',true,NULL,NULL,'2014-02-28 00:00:00','2014-02-28 00:00:00')
INSERT INTO kunde (id, version, loginname, kategorie, umsatz, seit, art, familienstand, geschlecht, newsletter, rabatt, bemerkungen, erzeugt, aktualisiert) VALUES (323,0,'nd.nu',1,1500.5,'2014-02-28','P','VH','M',true,NULL,NULL,'2014-02-28 00:00:00','2014-02-28 00:00:00')
INSERT INTO kunde (id, version, loginname, kategorie, umsatz, seit, art, familienstand, geschlecht, newsletter, rabatt, bemerkungen, erzeugt, aktualisiert) VALUES (324,0,'ne.nu',1,1500.5,'2014-02-28','P','VH','M',true,NULL,NULL,'2014-02-28 00:00:00','2014-02-28 00:00:00')
INSERT INTO kunde (id, version, loginname, kategorie, umsatz, seit, art, familienstand, geschlecht, newsletter, rabatt, bemerkungen, erzeugt, aktualisiert) VALUES (325,0,'nf.nu',1,1500.5,'2014-02-28','P','VH','M',true,NULL,NULL,'2014-02-28 00:00:00','2014-02-28 00:00:00')
INSERT INTO kunde (id, version, loginname, kategorie, umsatz, seit, art, familienstand, geschlecht, newsletter, rabatt, bemerkungen, erzeugt, aktualisiert) VALUES (326,0,'ng.nu',1,1500.5,'2014-02-28','P','VH','M',true,NULL,NULL,'2014-02-28 00:00:00','2014-02-28 00:00:00')
INSERT INTO kunde (id, version, loginname, kategorie, umsatz, seit, art, familienstand, geschlecht, newsletter, rabatt, bemerkungen, erzeugt, aktualisiert) VALUES (327,0,'nh.nu',1,1500.5,'2014-02-28','P','VH','M',true,NULL,NULL,'2014-02-28 00:00:00','2014-02-28 00:00:00')
INSERT INTO kunde (id, version, loginname, kategorie, umsatz, seit, art, familienstand, geschlecht, newsletter, rabatt, bemerkungen, erzeugt, aktualisiert) VALUES (328,0,'ni.nu',1,1500.5,'2014-02-28','P','VH','M',true,NULL,NULL,'2014-02-28 00:00:00','2014-02-28 00:00:00')
INSERT INTO kunde (id, version, loginname, kategorie, umsatz, seit, art, familienstand, geschlecht, newsletter, rabatt, bemerkungen, erzeugt, aktualisiert) VALUES (329,0,'nj.nu',1,1500.5,'2014-02-28','P','VH','M',true,NULL,NULL,'2014-02-28 00:00:00','2014-02-28 00:00:00')
INSERT INTO kunde (id, version, loginname, kategorie, umsatz, seit, art, familienstand, geschlecht, newsletter, rabatt, bemerkungen, erzeugt, aktualisiert) VALUES (330,0,'nk.nu',1,1500.5,'2014-02-28','P','VH','M',true,NULL,NULL,'2014-02-28 00:00:00','2014-02-28 00:00:00')
INSERT INTO kunde (id, version, loginname, kategorie, umsatz, seit, art, familienstand, geschlecht, newsletter, rabatt, bemerkungen, erzeugt, aktualisiert) VALUES (331,0,'nl.nu',1,1500.5,'2014-02-28','P','VH','M',true,NULL,NULL,'2014-02-28 00:00:00','2014-02-28 00:00:00')
INSERT INTO kunde (id, version, loginname, kategorie, umsatz, seit, art, familienstand, geschlecht, newsletter, rabatt, bemerkungen, erzeugt, aktualisiert) VALUES (332,0,'nm.nu',1,1500.5,'2014-02-28','P','VH','M',true,NULL,NULL,'2014-02-28 00:00:00','2014-02-28 00:00:00')
INSERT INTO kunde (id, version, loginname, kategorie, umsatz, seit, art, familienstand, geschlecht, newsletter, rabatt, bemerkungen, erzeugt, aktualisiert) VALUES (333,0,'nn.nu',1,1500.5,'2014-02-28','P','VH','M',true,NULL,NULL,'2014-02-28 00:00:00','2014-02-28 00:00:00')
INSERT INTO kunde (id, version, loginname, kategorie, umsatz, seit, art, familienstand, geschlecht, newsletter, rabatt, bemerkungen, erzeugt, aktualisiert) VALUES (334,0,'no.nu',1,1500.5,'2014-02-28','P','VH','M',true,NULL,NULL,'2014-02-28 00:00:00','2014-02-28 00:00:00')
INSERT INTO kunde (id, version, loginname, kategorie, umsatz, seit, art, familienstand, geschlecht, newsletter, rabatt, bemerkungen, erzeugt, aktualisiert) VALUES (335,0,'np.nu',1,1500.5,'2014-02-28','P','VH','M',true,NULL,NULL,'2014-02-28 00:00:00','2014-02-28 00:00:00')
INSERT INTO kunde (id, version, loginname, kategorie, umsatz, seit, art, familienstand, geschlecht, newsletter, rabatt, bemerkungen, erzeugt, aktualisiert) VALUES (336,0,'nq.nu',1,1500.5,'2014-02-28','P','VH','M',true,NULL,NULL,'2014-02-28 00:00:00','2014-02-28 00:00:00')
INSERT INTO kunde (id, version, loginname, kategorie, umsatz, seit, art, familienstand, geschlecht, newsletter, rabatt, bemerkungen, erzeugt, aktualisiert) VALUES (340,0,'oa.omega',1,1500.5,'2014-02-28','P','VH','M',true,NULL,NULL,'2014-02-28 00:00:00','2014-02-28 00:00:00')
INSERT INTO kunde (id, version, loginname, kategorie, umsatz, seit, art, familienstand, geschlecht, newsletter, rabatt, bemerkungen, erzeugt, aktualisiert) VALUES (341,0,'ob.omega',2,11500.5,'2014-02-28','P','VH','M',true,NULL,NULL,'2014-02-28 00:00:00','2014-02-28 00:00:00')
INSERT INTO kunde (id, version, loginname, kategorie, umsatz, seit, art, familienstand, geschlecht, newsletter, rabatt, bemerkungen, erzeugt, aktualisiert) VALUES (342,0,'oc.omega',3,21500.5,'2014-02-28','P','VH','M',true,NULL,NULL,'2014-02-28 00:00:00','2014-02-28 00:00:00')
INSERT INTO kunde (id, version, loginname, kategorie, umsatz, seit, art, familienstand, geschlecht, newsletter, rabatt, bemerkungen, erzeugt, aktualisiert) VALUES (343,0,'od.omega',4,31500.5,'2014-02-28','P','VH','M',true,NULL,NULL,'2014-02-28 00:00:00','2014-02-28 00:00:00')
INSERT INTO kunde (id, version, loginname, kategorie, umsatz, seit, art, familienstand, geschlecht, newsletter, rabatt, bemerkungen, erzeugt, aktualisiert) VALUES (344,0,'oe.omega',5,41500.5,'2014-02-28','P','VH','M',true,NULL,NULL,'2014-02-28 00:00:00','2014-02-28 00:00:00')
INSERT INTO kunde (id, version, loginname, kategorie, umsatz, seit, art, familienstand, geschlecht, newsletter, rabatt, bemerkungen, erzeugt, aktualisiert) VALUES (345,0,'of.omega',1,51500.5,'2014-02-28','P','VH','M',true,NULL,NULL,'2014-02-28 00:00:00','2014-02-28 00:00:00')
INSERT INTO kunde (id, version, loginname, kategorie, umsatz, seit, art, familienstand, geschlecht, newsletter, rabatt, bemerkungen, erzeugt, aktualisiert) VALUES (346,0,'og.omega',2,61500.5,'2014-02-28','P','VH','M',true,NULL,NULL,'2014-02-28 00:00:00','2014-02-28 00:00:00')
INSERT INTO kunde (id, version, loginname, kategorie, umsatz, seit, art, familienstand, geschlecht, newsletter, rabatt, bemerkungen, erzeugt, aktualisiert) VALUES (347,0,'oh.omega',3,71500.5,'2014-02-28','P','VH','M',true,NULL,NULL,'2014-02-28 00:00:00','2014-02-28 00:00:00')
INSERT INTO kunde (id, version, loginname, kategorie, umsatz, seit, art, familienstand, geschlecht, newsletter, rabatt, bemerkungen, erzeugt, aktualisiert) VALUES (348,0,'oi.omega',4,81500.5,'2014-02-28','P','VH','M',true,NULL,NULL,'2014-02-28 00:00:00','2014-02-28 00:00:00')
INSERT INTO kunde (id, version, loginname, kategorie, umsatz, seit, art, familienstand, geschlecht, newsletter, rabatt, bemerkungen, erzeugt, aktualisiert) VALUES (349,0,'oj.omega',5,911500.5,'2014-02-28','P','VH','M',true,NULL,NULL,'2014-02-28 00:00:00','2014-02-28 00:00:00')
INSERT INTO kunde (id, version, loginname, kategorie, umsatz, seit, art, familienstand, geschlecht, newsletter, rabatt, bemerkungen, erzeugt, aktualisiert) VALUES (350,0,'ok.omega',1,101500.5,'2014-02-28','P','VH','M',true,NULL,NULL,'2014-02-28 00:00:00','2014-02-28 00:00:00')
INSERT INTO kunde (id, version, loginname, kategorie, umsatz, seit, art, familienstand, geschlecht, newsletter, rabatt, bemerkungen, erzeugt, aktualisiert) VALUES (351,0,'ol.omega',2,111500.5,'2014-02-28','P','VH','M',true,NULL,NULL,'2014-02-28 00:00:00','2014-02-28 00:00:00')
INSERT INTO kunde (id, version, loginname, kategorie, umsatz, seit, art, familienstand, geschlecht, newsletter, rabatt, bemerkungen, erzeugt, aktualisiert) VALUES (352,0,'om.omega',3,121500.5,'2014-02-28','P','VH','M',true,NULL,NULL,'2014-02-28 00:00:00','2014-02-28 00:00:00')

INSERT INTO kunde_hobby (kunde_fk, hobby) VALUES (301,'S')
INSERT INTO kunde_hobby (kunde_fk, hobby) VALUES (301,'L')
INSERT INTO kunde_hobby (kunde_fk, hobby) VALUES (302,'S')
INSERT INTO kunde_hobby (kunde_fk, hobby) VALUES (302,'R')
INSERT INTO kunde_hobby (kunde_fk, hobby) VALUES (305,'L')
INSERT INTO kunde_hobby (kunde_fk, hobby) VALUES (305,'R')
INSERT INTO kunde_hobby (kunde_fk, hobby) VALUES (320,'S')
INSERT INTO kunde_hobby (kunde_fk, hobby) VALUES (320,'L')
INSERT INTO kunde_hobby (kunde_fk, hobby) VALUES (321,'S')
INSERT INTO kunde_hobby (kunde_fk, hobby) VALUES (321,'L')
INSERT INTO kunde_hobby (kunde_fk, hobby) VALUES (322,'S')
INSERT INTO kunde_hobby (kunde_fk, hobby) VALUES (322,'L')
INSERT INTO kunde_hobby (kunde_fk, hobby) VALUES (323,'S')
INSERT INTO kunde_hobby (kunde_fk, hobby) VALUES (323,'L')
INSERT INTO kunde_hobby (kunde_fk, hobby) VALUES (340,'S')
INSERT INTO kunde_hobby (kunde_fk, hobby) VALUES (340,'L')
INSERT INTO kunde_hobby (kunde_fk, hobby) VALUES (341,'S')
INSERT INTO kunde_hobby (kunde_fk, hobby) VALUES (341,'L')
INSERT INTO kunde_hobby (kunde_fk, hobby) VALUES (342,'S')
INSERT INTO kunde_hobby (kunde_fk, hobby) VALUES (342,'L')
INSERT INTO kunde_hobby (kunde_fk, hobby) VALUES (343,'S')
INSERT INTO kunde_hobby (kunde_fk, hobby) VALUES (343,'L')
INSERT INTO kunde_hobby (kunde_fk, hobby) VALUES (344,'S')
INSERT INTO kunde_hobby (kunde_fk, hobby) VALUES (344,'L')
INSERT INTO kunde_hobby (kunde_fk, hobby) VALUES (345,'S')
INSERT INTO kunde_hobby (kunde_fk, hobby) VALUES (345,'L')
INSERT INTO kunde_hobby (kunde_fk, hobby) VALUES (346,'S')
INSERT INTO kunde_hobby (kunde_fk, hobby) VALUES (346,'L')
INSERT INTO kunde_hobby (kunde_fk, hobby) VALUES (347,'S')
INSERT INTO kunde_hobby (kunde_fk, hobby) VALUES (347,'L')
INSERT INTO kunde_hobby (kunde_fk, hobby) VALUES (348,'S')
INSERT INTO kunde_hobby (kunde_fk, hobby) VALUES (348,'L')
INSERT INTO kunde_hobby (kunde_fk, hobby) VALUES (349,'S')
INSERT INTO kunde_hobby (kunde_fk, hobby) VALUES (349,'L')
INSERT INTO kunde_hobby (kunde_fk, hobby) VALUES (350,'S')
INSERT INTO kunde_hobby (kunde_fk, hobby) VALUES (350,'L')
INSERT INTO kunde_hobby (kunde_fk, hobby) VALUES (351,'S')
INSERT INTO kunde_hobby (kunde_fk, hobby) VALUES (351,'L')
INSERT INTO kunde_hobby (kunde_fk, hobby) VALUES (352,'S')
INSERT INTO kunde_hobby (kunde_fk, hobby) VALUES (352,'L')

INSERT INTO reklamation (nr, datum, version, inhalt, kunde_fk, idx, erzeugt, aktualisiert) VALUES (1,'2014-02-01',0,'Reklamation_1_K1',301,0,'2014-02-01 00:00:00','2014-02-01 00:00:00')
INSERT INTO reklamation (nr, datum, version, inhalt, kunde_fk, idx, erzeugt, aktualisiert) VALUES (2,'2014-02-02',0,'Reklamation_2_K1',301,1,'2014-02-02 00:00:00','2014-02-02 00:00:00')
INSERT INTO reklamation (nr, datum, version, inhalt, kunde_fk, idx, erzeugt, aktualisiert) VALUES (1,'2014-02-03',0,'Reklamation_1_K2',302,0,'2014-02-03 00:00:00','2014-02-03 00:00:00')

INSERT INTO artikel (id, version, bezeichnung, preis, rating, ausgesondert, erzeugt, aktualisiert) VALUES (501,0,'Tisch ''Oval''',111.11,5,false,'2014-02-01 00:00:00','2014-02-01 00:00:00')
INSERT INTO artikel (id, version, bezeichnung, preis, rating, ausgesondert, erzeugt, aktualisiert) VALUES (502,0,'Stuhl ''Sitz bequem''',222.22,4,false,'2014-02-02 00:00:00','2014-02-02 00:00:00')
INSERT INTO artikel (id, version, bezeichnung, preis, rating, ausgesondert, erzeugt, aktualisiert) VALUES (503,0,'Tür ''Hoch und breit''',333.33,3,false,'2014-02-03 00:00:00','2014-02-03 00:00:00')
INSERT INTO artikel (id, version, bezeichnung, preis, rating, ausgesondert, erzeugt, aktualisiert) VALUES (504,0,'Fenster ''Glasklar''',444.44,2,false,'2014-02-04 00:00:00','2014-02-04 00:00:00')
INSERT INTO artikel (id, version, bezeichnung, preis, rating, ausgesondert, erzeugt, aktualisiert) VALUES (505,0,'Spiegel ''Mach mich schöner''',555.55,1,false,'2014-02-05 00:00:00','2014-02-05 00:00:00')
INSERT INTO artikel (id, version, bezeichnung, preis, rating, ausgesondert, erzeugt, aktualisiert) VALUES (506,0,'Kleiderschrank ''Viel Platz''',666.66,0,false,'2014-02-06 00:00:00','2014-02-06 00:00:00')
INSERT INTO artikel (id, version, bezeichnung, preis, rating, ausgesondert, erzeugt, aktualisiert) VALUES (507,0,'Bett ''Mit Holzwurm''',777.77,5,false,'2014-02-07 00:00:00','2014-02-07 00:00:00')

INSERT INTO bestellung (id, version, kunde_fk, idx, gesamtbetrag, erzeugt, aktualisiert) VALUES (601,0,301,0,999.99,'2014-02-01 00:00:00','2014-02-01 00:00:00')
INSERT INTO bestellung (id, version, kunde_fk, idx, gesamtbetrag, erzeugt, aktualisiert) VALUES (602,0,301,1,1666.65,'2014-02-02 00:00:00','2014-02-02 00:00:00')
INSERT INTO bestellung (id, version, kunde_fk, idx, gesamtbetrag, erzeugt, aktualisiert) VALUES (603,0,302,0,2444.42,'2014-02-03 00:00:00','2014-02-03 00:00:00')
INSERT INTO bestellung (id, version, kunde_fk, idx, gesamtbetrag, erzeugt, aktualisiert) VALUES (604,0,302,1,666.66,'2014-02-04 00:00:00','2014-02-04 00:00:00')
INSERT INTO bestellung (id, version, kunde_fk, idx, gesamtbetrag, erzeugt, aktualisiert) VALUES (605,0,304,0,3222.19,'2014-02-05 00:00:00','2014-02-05 00:00:00')
INSERT INTO bestellung (id, version, kunde_fk, idx, gesamtbetrag, erzeugt, aktualisiert) VALUES (606,0,321,0,2111.09,'2014-02-06 00:00:00','2014-02-06 00:00:00')

INSERT INTO bestellposition (id, version, bestellung_fk, artikel_fk, anzahl, idx, erzeugt, aktualisiert) VALUES (701,0,601,501,1,0,'2014-02-01 00:00:00','2014-02-01 00:00:00')
INSERT INTO bestellposition (id, version, bestellung_fk, artikel_fk, anzahl, idx, erzeugt, aktualisiert) VALUES (702,0,601,502,4,1,'2014-02-01 00:00:00','2014-02-01 00:00:00')
INSERT INTO bestellposition (id, version, bestellung_fk, artikel_fk, anzahl, idx, erzeugt, aktualisiert) VALUES (703,0,602,503,5,0,'2014-02-02 00:00:00','2014-02-02 00:00:00')
INSERT INTO bestellposition (id, version, bestellung_fk, artikel_fk, anzahl, idx, erzeugt, aktualisiert) VALUES (704,0,603,504,3,0,'2014-02-03 00:00:00','2014-02-03 00:00:00')
INSERT INTO bestellposition (id, version, bestellung_fk, artikel_fk, anzahl, idx, erzeugt, aktualisiert) VALUES (705,0,603,505,2,1,'2014-02-03 00:00:00','2014-02-03 00:00:00')
INSERT INTO bestellposition (id, version, bestellung_fk, artikel_fk, anzahl, idx, erzeugt, aktualisiert) VALUES (706,0,604,506,1,0,'2014-02-04 00:00:00','2014-02-04 00:00:00')
INSERT INTO bestellposition (id, version, bestellung_fk, artikel_fk, anzahl, idx, erzeugt, aktualisiert) VALUES (707,0,605,501,5,0,'2014-02-05 00:00:00','2014-02-05 00:00:00')
INSERT INTO bestellposition (id, version, bestellung_fk, artikel_fk, anzahl, idx, erzeugt, aktualisiert) VALUES (708,0,605,502,2,1,'2014-02-05 00:00:00','2014-02-05 00:00:00')
INSERT INTO bestellposition (id, version, bestellung_fk, artikel_fk, anzahl, idx, erzeugt, aktualisiert) VALUES (709,0,605,503,8,2,'2014-02-05 00:00:00','2014-02-05 00:00:00')
INSERT INTO bestellposition (id, version, bestellung_fk, artikel_fk, anzahl, idx, erzeugt, aktualisiert) VALUES (710,0,606,503,1,0,'2014-02-06 00:00:00','2014-02-06 00:00:00')
INSERT INTO bestellposition (id, version, bestellung_fk, artikel_fk, anzahl, idx, erzeugt, aktualisiert) VALUES (711,0,606,504,3,1,'2014-02-06 00:00:00','2014-02-06 00:00:00')

INSERT INTO warenkorbposition(id, version, anzahl, artikel_fk, kunde_fk, erzeugt, aktualisiert) VALUES (801,0,1,501,301,'2014-02-01 00:00:00','2014-02-01 00:00:00')
INSERT INTO warenkorbposition(id, version, anzahl, artikel_fk, kunde_fk, erzeugt, aktualisiert) VALUES (802,0,2,502,301,'2014-02-01 00:00:00','2014-02-01 00:00:00')
INSERT INTO warenkorbposition(id, version, anzahl, artikel_fk, kunde_fk, erzeugt, aktualisiert) VALUES (803,0,3,503,304,'2014-02-01 00:00:00','2014-02-01 00:00:00')
INSERT INTO warenkorbposition(id, version, anzahl, artikel_fk, kunde_fk, erzeugt, aktualisiert) VALUES (804,0,4,504,304,'2014-02-01 00:00:00','2014-02-01 00:00:00')
INSERT INTO warenkorbposition(id, version, anzahl, artikel_fk, kunde_fk, erzeugt, aktualisiert) VALUES (805,0,5,505,305,'2014-02-01 00:00:00','2014-02-01 00:00:00')
INSERT INTO warenkorbposition(id, version, anzahl, artikel_fk, kunde_fk, erzeugt, aktualisiert) VALUES (806,0,6,506,305,'2014-02-01 00:00:00','2014-02-01 00:00:00')

INSERT INTO lieferung (id, version, liefernr, transport_art, erzeugt, aktualisiert) VALUES (901,0,'201402-001','ST','2014-02-01 00:00:00','2014-02-01 00:00:00')
INSERT INTO lieferung (id, version, liefernr, transport_art, erzeugt, aktualisiert) VALUES (902,0,'201402-002','SCH','2014-02-02 00:00:00','2014-02-02 00:00:00')
INSERT INTO lieferung (id, version, liefernr, transport_art, erzeugt, aktualisiert) VALUES (903,0,'201402-003','L','2014-02-03 00:00:00','2014-02-03 00:00:00')
INSERT INTO lieferung (id, version, liefernr, transport_art, erzeugt, aktualisiert) VALUES (904,0,'201402-004','W','2014-02-04 00:00:00','2014-02-04 00:00:00')

INSERT INTO bestellung_lieferung (bestellung_fk, lieferung_fk) VALUES (601,901)
INSERT INTO bestellung_lieferung (bestellung_fk, lieferung_fk) VALUES (602,901)
INSERT INTO bestellung_lieferung (bestellung_fk, lieferung_fk) VALUES (603,902)
INSERT INTO bestellung_lieferung (bestellung_fk, lieferung_fk) VALUES (603,903)
INSERT INTO bestellung_lieferung (bestellung_fk, lieferung_fk) VALUES (604,903)
INSERT INTO bestellung_lieferung (bestellung_fk, lieferung_fk) VALUES (606,904)
